<TablacusExplorer><All Key="$3f,Ctrl+R" Type="Tabs">Refresh</All><All Key="$200f" Type="Tabs">Next Tab</All><All Key="$300f" Type="Tabs">Previous Tab</All><All Key="$214b" Type="JScript">var TC = te.Ctrl(CTRL_TC);
if (TC)  {
  if (TC.Selected.CurrentViewMode == FVM_DETAILS) {
    ChangeTab(TC, -1);
    return S_OK;
  }
}
return S_FALSE;</All><All Key="$214d" Type="JScript">var TC = te.Ctrl(CTRL_TC);
if (TC)  {
  if (TC.Selected.CurrentViewMode == FVM_DETAILS) {
    ChangeTab(TC, 1);
    return S_OK;
  }
}
return S_FALSE;</All><All Key="Ctrl+1" Type="Tabs">0</All><All Key="Ctrl+2" Type="Tabs">1</All><All Key="Ctrl+3" Type="Tabs">2</All><All Key="Ctrl+4" Type="Tabs">3</All><All Key="Ctrl+5" Type="Tabs">4</All><All Key="Ctrl+6" Type="Tabs">5</All><All Key="Ctrl+7" Type="Tabs">6</All><All Key="Ctrl+8" Type="Tabs">7</All><All Key="Ctrl+9" Type="Tabs">-1</All><All Key="Ctrl+F" Type="Tools">Search</All><All Key="$414b" Type="Tabs">Back</All><All Key="$414d" Type="Tabs">Forward</All><All Key="$4148" Type="Tabs">Up</All><List Key="$e" Type="Tabs">Up</List><List Key="$35" Type="JScript">Ctrl.SelectItem(null, SVSI_DESELECTOTHERS);</List><List Key="$73,$7d" Type="Open">\</List><List Key="$41" Type="Tools">New folder</List><List Key="$44" Type="Tools">Run dialog</List><List Key="$57" Type="Tools">Copy full path</List><List Key="Ctrl+D" Type="Tools">Add to favorites</List><List Key="Ctrl+K" Type="Tools">New folder</List><List Key="Ctrl+W" Type="Tabs">Close tab</List><List Key="Ctrl+S" Type="Tools">New file</List><List Key="Ctrl+T" Type="Tabs">New tab</List><List Key="$103c" Type="Selected Items">Notepad.exe</List><List Key="Shift+0" Type="Open">0</List><List Key="Shift+1" Type="Open">A:\</List><List Key="Shift+2" Type="Open">10</List><List Key="Shift+3" Type="Open">C:\</List><List Key="Shift+4" Type="Open">D:\</List><List Key="Shift+5" Type="Open">E:\</List><List Key="Shift+6" Type="Open">F:\</List><List Key="Shift+7" Type="Open">G:\</List><List Key="Shift+8" Type="Open">H:\</List><List Key="Shift+9" Type="Open">I:\</List><List Key="Ctrl+Shift+N" Type="Background">NewFolder</List></TablacusExplorer>
